{"cameraMode":{"drawMode":0,"name":"Shaded","section":"Shading Mode"},"sceneLighting":true,"audioPlay":false,"sceneViewState":{"m_AlwaysRefresh":false,"showFog":true,"showSkybox":true,"showFlares":true,"showImageEffects":true,"showParticleSystems":true,"showVisualEffectGraphs":true,"m_FxEnabled":true},"in2DMode":false,"pivot":{"x":539.0663452148438,"y":92.59517669677735,"z":-242.38504028320313},"rotation":{"x":-0.022453904151916505,"y":0.026731282472610475,"z":0.0022333390079438688,"w":0.9998246431350708},"size":33.82534408569336,"orthographic":false}